<?xml version="1.0"?>
<toolbar>
    <item type="buttonSelect" id="button_skins"  text="Skin" img="red.gif">
	   <item type="button" id="dhx_skyblue" text="Sky Blue" />
		<item type="button" id="dhx_web" text="Web" />
		<item type="button" id="dhx_terrace" text="Terrace" />
		
		</item>
		
 		<item type="separator" id="button_separator_10" />
		<item type="separator" id="button_separator_99" />
		<item type="buttonSelect" id="artitelly" text="Artitelly" img="red.gif">
		    <item type="button" id="artitelly:company" text="Company" />
			<item type="button" id="artitelly:calendar" text="Calendar" />
			<item type="separator" id="button_separator_3001" />
			<item type="button" id="artitelly:training" text="Training" />
			<item type="button" id="artitelly:referral" text="Referal" />
			<item type="separator" id="button_separator_3002" />
			<item type="button" id="artitelly:support" text="Support" />
			<item type="separator" id="button_separator_3003" />
			<item type="button" id="artitelly:subscription" text="Subscription" />
			<item type="button" id="artitelly:payments" text="Payments" />
			<item type="separator" id="button_separator_3004" />
			<item type="button" id="artitelly:cloudimage" text="Cloud Image" />
		</item>
		<item type="separator" id="button_separator_102" />
		<item type="buttonSelect" id="company" text="Company" img="red.gif">
		    <item type="button" id="company:company" text="Company" />
			<item type="button" id="company:privilegegroup" text="Privilege Group" />
			<item type="separator" id="button_separator_2001" />
			<item type="button" id="testuser:mytraining" text="Book Training" />
			<item type="separator" id="button_separator_2002" />
			<item type="button" id="company:jenkins" text="Setup Jenkins" />
			<item type="separator" id="button_separator_3004" />
			<item type="button" id="company:cloudimage" text="Base Image" />
		</item>
		<item type="separator" id="button_separator_103" />
		<item type="buttonSelect" id="crm" text="CRM" img="red.gif">
		    <item type="button" id="crm:campaign" text="Campaign" />
			<item type="button" id="crm:lead" text="Sales Lead" />
			<item type="separator" id="button_separator_2002" />
			<item type="button" id="crm:contact" text="Contact" />
			<item type="button" id="crm:opportunity" text="Opportunity" />
			<item type="button" id="crm:customer" text="Customer" />
			<item type="separator" id="button_separator_2003" />
			<item type="button" id="crm:mylead" text="My Latest Lead" />
		</item>
		<item type="separator" id="button_separator_100" />
		<item type="buttonSelect" id="testuser" text="User" img="red.gif">
		    <item type="button" id="testuser:myprofile" text="My Profile" />
			<item type="button" id="testuser:mytasks" text="My Tasks" />
			<item type="button" id="testuser:weeksheet" text="My Timesheet" />
			<item type="button" id="testuser:mybug" text="Bugs Assigned" />
			<item type="separator" id="button_separator_1004" />
			<item type="button" id="testuser:referral" text="My Referral" />
			<item type="separator" id="button_separator_1005" />
			<item type="button" id="testuser:mytraining" text="Book Training" />
			<item type="button" id="testuser:bookcourse" text="My Booking" />
			<item type="separator" id="button_separator_1006" />
			<item type="button" id="testuser:consultant" text="Book Consultant" />
			<item type="button" id="testuser:developer" text="Join As Freelancer" />
			<item type="separator" id="button_separator_1007" />
			<item type="button" id="testuser:support" text="Support" />
		</item>
		
		<item type="separator" id="button_separator_11" />
		<item type="button" id="product" text="Product" img="red.gif"/>
		<item type="separator" id="button_separator_12" />
		<item type="button" id="project" text="Project" img="red.gif"/>
		<item type="separator" id="button_separator_13" />
		<item type="button" id="feature" text="Feature" img="red.gif"/>
		<item type="separator" id="button_separator_14" />
		<item type="button" id="scenerio" text="Scenario" img="red.gif"/>
		<item type="separator" id="button_separator_15" />
		<item type="buttonSelect" id="matrix" text="Matrix Setup" img="red.gif">
		    <item type="button" id="matrix:testmatrix" text="Test Matrix" img="red.gif"/>
			<item type="separator" id="button_separator_16" />
			 <item type="button" id="matrix:featuregroup" text="Feature Group" img="red.gif"/>
		</item>
		<item type="buttonSelect" id="run" text="Test Run" img="red.gif">
		    <item type="button" id="run:testrun" text="Matrix Run" />
		    <item type="separator" id="button_separator_4000" />
			 <item type="button" id="run:grouprun" text="Group Run" />
			<item type="separator" id="button_separator_4001" />
			 <item type="button" id="run:featurerun" text="Feature Run" />
			<item type="separator" id="button_separator_4002" />
			 <item type="button" id="run:testscenerio" text="Scenerio Run" />
			
		</item>
		<item type="separator" id="button_separator_19" />
		<item type="button" id="bug" text="Bugs" img="red.gif"/>
		<item type="separator" id="button_separator_20" />
		<item type="button" id="projectboard" text="Boards" img="red.gif"/>
		<item type="separator" id="button_separator_23" />
		<item type="button" id="cloudprovider" text="Cloud" img="red.gif"/>
		<item type="separator" id="button_separator_21" />
		<item type="button" id="weeksheet" text="Timesheet" img="red.gif"/>
		<item type="separator" id="button_separator_22" />
 </toolbar>